,inflation,unemployment
1954-01-01,0.6330313449956622,3.6
1954-02-01,0.26095075385739985,3.8
1954-03-01,-1.4118336129816575e-14,4.1
1954-04-01,-0.29795180329056237,4.7
1954-05-01,-0.8570948686561429,4.6
1954-06-01,-0.26104806918475615,4.5
1954-07-01,-0.372856509513893,4.6
1954-08-01,-0.6330313449956931,5.1
1954-09-01,-0.6318549176380924,5.4
1954-10-01,-0.521222326699039,4.7
1954-11-01,-0.2609507538574401,4.1
1954-12-01,-0.59590492912466,3.8
1955-01-01,-0.8574143860348643,3.8
1955-02-01,-0.37299558350639866,3.5
1955-03-01,-0.485347228642907,3.5
1955-04-01,0.1490868707005694,3.9
1955-05-01,0.3735529185087378,3.2
1955-06-01,0.3727175391922293,3.1
1955-07-01,0.3728565095138756,3.0
1955-08-01,0.22388069052715645,2.9
1955-09-01,0.14903132415590603,2.8
1955-10-01,0.3725786724256093,2.9
1955-11-01,0.5212223266990246,3.0
1955-12-01,0.9665502756095213,3.0
1956-01-01,1.633901925807488,2.9
1956-02-01,1.9612099460219332,3.0
1956-03-01,2.184058681716857,3.0
1956-04-01,1.845070791311625,2.9
1956-05-01,2.5401697082950476,3.1
1956-06-01,2.3167059281534113,3.0
1956-07-01,2.789171630792491,3.0
1956-08-01,3.0828129361301464,2.8
1956-09-01,3.4397829601499477,2.9
1956-10-01,3.5437498070885662,2.8
1956-11-01,3.646047313357722,3.0
1956-12-01,3.5257149886846952,3.1
1957-01-01,3.474833853849557,3.0
1957-02-01,3.244697040577376,2.9
1957-03-01,3.490190554275825,2.6
1957-04-01,3.4851739957528625,3.0
1957-05-01,2.9018693889035685,2.9
1957-06-01,3.2191620929613176,3.1
1957-07-01,2.994876235462089,3.0
1957-08-01,3.445554829361035,3.1
1957-09-01,3.186110206898416,3.4
1957-10-01,3.5611025323184324,3.6
1957-11-01,3.552334124625274,3.9
1957-12-01,3.3020211028134256,4.2
1958-01-01,2.8062171109814447,4.6
1958-02-01,2.4528209352122854,5.1
1958-03-01,2.3069880174965935,5.5
1958-04-01,2.0619287202735834,6.0
1958-05-01,2.061928720273584,6.1
1958-06-01,1.8829008152907882,6.2
1958-07-01,1.7409910491313039,6.3
1958-08-01,1.2836256040867957,6.3
1958-09-01,1.0398707220898722,5.8
1958-10-01,0.3457818106415414,5.5
1958-11-01,0.13812156891986113,5.0
1958-12-01,0.3449468753257672,4.9
1959-01-01,0.6894201729277274,4.6
1959-02-01,0.8959398318357685,4.5
1959-03-01,0.825882189130192,4.1
1959-04-01,1.1692017649611108,3.7
1959-05-01,1.5104990245851049,3.6
1959-06-01,1.372234225510151,3.6
1959-07-01,1.507394078464486,3.6
1959-08-01,1.233314707721615,3.6
1959-09-01,1.4038922579429804,4.3
1959-10-01,1.5073940784644837,4.1
1959-11-01,1.9139340210697522,4.7
1959-12-01,1.8086143907790604,3.8
1960-01-01,1.7030384355968167,3.9
1960-02-01,1.362883105560595,3.5
1960-03-01,1.4628599018860324,4.0
1960-04-01,1.2232568435634292,3.9
1960-05-01,1.3536585717533216,3.9
1960-06-01,1.454448098175751,4.0
1960-07-01,1.350915512407651,4.2
1960-08-01,1.5876030125031575,4.4
1960-09-01,1.4515022769656578,4.5
1960-10-01,1.4515022769656578,4.7
1960-11-01,0.909863058674646,4.8
1960-12-01,0.9089441471174412,5.1
1961-01-01,0.7737633222060403,5.2
1961-02-01,1.2443409254169406,5.3
1961-03-01,1.108323687798265,5.3
1961-04-01,1.2418350560952074,5.4
1961-05-01,0.7701360682813205,5.7
1961-06-01,0.6693465418588916,5.2
1961-07-01,0.6686751762295812,5.4
1961-08-01,0.6680051560373985,5.1
1961-09-01,0.9007567158082391,4.9
1961-10-01,1.099827783540962,4.7
1961-11-01,1.3329087708600662,4.5
1961-12-01,1.331577597577221,4.4
1962-01-01,1.2323220063020695,4.1
1962-02-01,0.9976803738317122,3.9
1962-03-01,1.129204957776594,4.0
1962-04-01,1.4569794156695393,4.0
1962-05-01,1.3254004493175313,4.0
1962-06-01,1.3254004493175313,4.0
1962-07-01,1.2253837715351257,3.9
1962-08-01,1.3227706097551382,4.1
1962-09-01,1.221338832480337,4.0
1962-10-01,1.120644555760889,3.9
1962-11-01,0.889773541986512,4.2
1962-12-01,0.8888947417246224,4.0
1963-01-01,1.3153757558740602,4.2
1963-02-01,1.5432911787051582,4.3
1963-03-01,1.5402565683278973,4.1
1963-04-01,0.9813621448324638,4.1
1963-05-01,1.2105497084900179,3.9
1963-06-01,1.3080631243106466,3.8
1963-07-01,1.6324227988948665,3.8
1963-08-01,1.6292312151434922,3.8
1963-09-01,1.4009025325579412,3.5
1963-10-01,1.3995346416341832,3.7
1963-11-01,1.5302268312159715,3.9
1963-12-01,1.528733626014456,3.8
1964-01-01,1.298298015503667,3.7
1964-02-01,1.0695289116748081,3.6
1964-03-01,0.9708814126960986,3.6
1964-04-01,1.1650617219975237,3.5
1964-05-01,1.1960705057664083,3.3
1964-06-01,1.3873427871955073,3.6
1964-07-01,1.191065102583522,3.3
1964-08-01,1.0929070532190468,3.3
1964-09-01,1.1899159533085586,3.4
1964-10-01,1.1887690193394336,3.6
1964-11-01,1.3797748174281448,3.1
1964-12-01,1.6010588560479773,3.1
1965-01-01,1.9163793115168641,3.1
1965-02-01,1.7891851079103018,3.2
1965-03-01,1.5974780607734262,3.1
1965-04-01,1.7225306281879387,3.2
1965-05-01,1.6887449279994338,3.1
1965-06-01,1.7154169056012625,2.9
1965-07-01,1.901800583576206,2.8
1965-08-01,1.8999938244904129,2.8
1965-09-01,2.525386732120358,2.7
1965-10-01,2.740760622592301,2.6
1965-11-01,2.8277096096861736,2.5
1965-12-01,2.726159739770736,2.5
1966-01-01,2.406742202196302,2.5
1966-02-01,2.717643432260345,2.4
1966-03-01,3.427126673521821,2.3
1966-04-01,3.511313029993517,2.2
1966-05-01,3.7213596340434645,2.2
1966-06-01,3.4971844849278764,2.2
1966-07-01,3.3042993790696933,2.2
1966-08-01,3.1493803849312063,2.2
1966-09-01,2.8274778468166724,2.1
1966-10-01,2.5162419902243376,2.0
1966-11-01,2.5085438981269608,2.1
1966-12-01,2.2919261436108065,2.1
1967-01-01,2.8016448736909436,2.1
1967-02-01,2.8855456832556055,2.0
1967-03-01,2.5700583108581054,2.1
1967-04-01,2.562310488789812,2.2
1967-05-01,2.5546092427696863,2.1
1967-06-01,3.0550444198425706,2.2
1967-07-01,3.2280148807292726,2.1
1967-08-01,3.5824726518145327,2.1
1967-09-01,3.5718082602079577,2.1
1967-10-01,3.86377927054142,2.1
1967-11-01,3.8523281996335617,2.1
1967-12-01,4.142604165429703,2.2
1968-01-01,4.11822899664157,2.1
1968-02-01,4.393092922572692,2.2
1968-03-01,4.380262265839313,2.1
1968-04-01,4.367506350266168,1.9
1968-05-01,4.638512658093505,1.9
1968-06-01,4.329680575332416,2.1
1968-07-01,4.5985113241823266,1.9
1968-08-01,4.585330449612224,2.0
1968-09-01,4.572224933809488,1.9
1968-10-01,5.1147511166940935,1.9
1968-11-01,5.376117689145222,1.8
1968-12-01,5.360945060538082,1.7
1969-01-01,5.330855345450684,1.8
1969-02-01,5.301101596650345,1.8
1969-03-01,5.286348955706759,1.8
1969-04-01,5.541583914156909,1.8
1969-05-01,5.511036271051849,1.8
1969-06-01,5.762911283663615,1.8
1969-07-01,5.731445659598012,2.0
1969-08-01,5.98004233027869,1.9
1969-09-01,6.226638872600059,2.1
1969-10-01,5.915703084776485,2.2
1969-11-01,5.884050002293329,2.0
1969-12-01,5.868350182809002,2.1
1970-01-01,5.837200622190683,2.4
1970-02-01,5.549640544951521,2.6
1970-03-01,5.5350095083164845,2.7
1970-04-01,5.505977718302727,2.9
1970-05-01,5.477248965411822,3.0
1970-06-01,5.4488185284069806,3.2
1970-07-01,5.420681783642685,3.4
1970-08-01,5.14252118074371,3.5
1970-09-01,4.6162041763162405,3.6
1970-10-01,4.342955792733594,3.9
1970-11-01,4.071809301878482,4.0
1970-12-01,4.309919248185179,4.2
1971-01-01,4.288172748326561,4.1
1971-02-01,4.277381598328623,4.0
1971-03-01,4.266644631890268,4.0
1971-04-01,4.000533461369884,4.0
1971-05-01,3.7364246744867646,4.1
1971-06-01,3.4742948443872606,4.0
1971-07-01,3.2141209211796635,4.0
1971-08-01,3.2061932459662823,4.2
1971-09-01,3.6904556935450814,4.1
1971-10-01,3.440142671733234,4.0
1971-11-01,3.431709292412912,4.1
1971-12-01,3.174869831458047,4.0
1972-01-01,2.919915469226254,3.9
1972-02-01,2.9128272923023695,3.7
1972-03-01,2.905773447954278,3.8
1972-04-01,3.1365659278219997,3.8
1972-05-01,3.1290157993210364,3.7
1972-06-01,3.3576295533604448,3.8
1972-07-01,3.3495954428182526,3.6
1972-08-01,3.576066387909852,3.5
1972-09-01,3.7919234862294093,3.6
1972-10-01,4.7178560275090815,3.8
1972-11-01,5.165467486489221,3.4
1972-12-01,5.381415281390833,3.2
1973-01-01,5.822366027889694,3.2
1973-02-01,5.582844955294231,3.1
1973-03-01,7.137666284222807,3.1
1973-04-01,7.104934614985008,3.0
1973-05-01,7.748749547837459,3.0
1973-06-01,7.931675482858773,3.0
1973-07-01,8.563788516181734,2.8
1973-08-01,9.168428268902208,2.9
1973-09-01,9.53101798043247,2.9
1973-10-01,9.656619839105089,2.7
1973-11-01,9.593407501017092,2.8
1973-12-01,10.170921082532226,2.9
1974-01-01,10.309550902697389,3.1
1974-02-01,10.919929196499155,3.1
1974-03-01,10.335851298715284,3.0
1974-04-01,11.285448945523408,3.2
1974-05-01,11.191791620398503,3.1
1974-06-01,11.511669060319065,3.2
1974-07-01,11.417682907965421,3.3
1974-08-01,11.111316814727592,3.5
1974-09-01,10.620582424577687,3.6
1974-10-01,9.94855512148055,3.9
1974-11-01,9.700973644040628,4.2
1974-12-01,8.855339734144518,4.8
1975-01-01,8.786135579133449,5.5
1975-02-01,9.105996551563022,5.7
1975-03-01,8.26599056881279,6.1
1975-04-01,7.608230645743962,6.4
1975-05-01,7.368771579115933,6.8
1975-06-01,7.119110085859879,6.5
1975-07-01,6.886441108469408,6.5
1975-08-01,6.477749831638829,6.2
1975-09-01,6.084826041738946,6.5
1975-10-01,5.884050002293381,6.3
1975-11-01,5.6843898976529035,6.2
1975-12-01,6.029223025612022,5.8
1976-01-01,5.809255683174576,5.5
1976-02-01,5.406722127027616,5.2
1976-03-01,5.56197152750937,5.2
1976-04-01,5.348868495098682,5.2
1976-05-01,5.320403606346518,5.2
1976-06-01,4.9392755329577,5.5
1976-07-01,4.913268857764515,5.5
1976-08-01,5.066585744678608,5.4
1976-09-01,5.904492584262679,5.5
1976-10-01,6.230388333615536,5.4
1976-11-01,6.720874969345046,5.5
1976-12-01,6.52031938107626,5.4
1977-01-01,6.486915430308969,5.2
1977-02-01,6.453852113757126,5.3
1977-03-01,6.421124245685597,5.0
1977-04-01,6.225727524032013,4.9
1977-05-01,6.1944485960524736,4.8
1977-06-01,6.496872118722634,4.6
1977-07-01,6.4645535959226414,4.5
1977-08-01,6.5921720804824675,4.4
1977-09-01,6.052542038785326,4.2
1977-10-01,6.1808287371876345,4.3
1977-11-01,6.297479916138869,4.2
1977-12-01,6.899287148695155,4.1
1978-01-01,7.174390485884146,4.0
1978-02-01,7.446035366908517,4.0
1978-03-01,7.562657533091206,4.0
1978-04-01,8.142210471964296,3.7
1978-05-01,8.552217343816201,3.7
1978-06-01,8.499321283339263,3.5
1978-07-01,8.607460877124316,3.6
1978-08-01,8.847229762930459,3.5
1978-09-01,9.386613623209122,3.6
1978-10-01,9.760178779658451,3.6
1978-11-01,9.971078311570743,3.4
1978-12-01,10.163264554381234,3.7
1979-01-01,10.50527760031438,3.6
1979-02-01,10.840929850718519,3.5
1979-03-01,11.186435768682976,3.5
1979-04-01,11.22539941772382,3.5
1979-05-01,11.396718697815857,3.3
1979-06-01,11.860574240784741,3.4
1979-07-01,12.446984194694814,3.6
1979-08-01,12.987508142141232,3.7
1979-09-01,13.244698984339777,3.7
1979-10-01,13.621020483454883,3.8
1979-11-01,13.618367956524983,3.8
1979-12-01,13.475613252041846,3.8
1980-01-01,13.335824744185478,4.2
1980-02-01,12.355023937854142,4.2
1980-03-01,12.124454863187209,4.5
1980-04-01,12.016967163411449,5.2
1980-05-01,11.896437070221475,5.7
1980-06-01,11.895194286136537,5.8
1980-07-01,11.648179929841179,6.0
1980-08-01,11.149550422534254,5.9
1980-09-01,10.788896201118531,5.8
1980-10-01,10.085600353672222,5.6
1980-11-01,9.654551041231791,5.5
1980-12-01,9.341676719879375,5.2
1981-01-01,9.255155736524555,5.5
1981-02-01,10.232929175454363,5.5
1981-03-01,10.271278273538558,5.4
1981-04-01,10.404857080986092,5.2
1981-05-01,9.77757435767885,5.5
1981-06-01,9.147957286448271,5.4
1981-07-01,8.537037078132407,5.1
1981-08-01,7.933674223652111,5.3
1981-09-01,7.337718571382613,5.4
1981-10-01,6.658214258099733,5.8
1981-11-01,6.411755712377715,6.1
1981-12-01,6.683521282464184,6.6
1982-01-01,6.936112779750208,6.6
1982-02-01,6.351340572232559,6.8
1982-03-01,5.794142848618866,7.1
1982-04-01,4.822737476571558,7.3
1982-05-01,4.909602133652017,7.3
1982-06-01,4.38026226583929,7.8
1982-07-01,3.754351245740312,8.0
1982-08-01,3.6405476385009656,8.1
1982-09-01,3.4253478478539314,8.5
1982-10-01,3.5273366379284696,8.7
1982-11-01,3.922071315328129,9.0
1982-12-01,3.3832032401434717,9.0
1983-01-01,2.4441135159145744,8.4
1983-02-01,2.331580531361684,8.8
1983-03-01,2.426812727243776,8.6
1983-04-01,2.726064820889168,8.6
1983-05-01,2.715098906595074,8.5
1983-06-01,3.1142647355853637,8.0
1983-07-01,3.7171532108345695,7.7
1983-08-01,4.200617563415506,7.7
1983-09-01,4.587045406609724,7.6
1983-10-01,4.777027626868672,7.3
1983-11-01,4.453977137177076,6.9
1983-12-01,4.24335984145966,6.6
1984-01-01,4.2350001572953255,6.3
1984-02-01,4.218379230350501,6.1
1984-03-01,4.205998912736365,5.9
1984-04-01,4.193691061886246,5.9
1984-05-01,4.1773922245637225,5.6
1984-06-01,4.070329311350412,5.4
1984-07-01,3.963786175903826,5.4
1984-08-01,3.4652167705572037,5.5
1984-09-01,3.5427352611232834,5.6
1984-10-01,3.720028368609021,5.5
1984-11-01,3.519145833631318,5.4
1984-12-01,3.5124635931277677,5.5
1985-01-01,3.5988732332235753,5.5
1985-02-01,3.39976085414196,5.4
1985-03-01,3.297519681555054,5.3
1985-04-01,3.195760676867131,5.5
1985-05-01,3.1837895097608864,5.2
1985-06-01,3.453446308921403,5.8
1985-07-01,3.7213596340434516,5.5
1985-08-01,3.8965968533384028,5.4
1985-09-01,3.1484081933282773,5.3
1985-10-01,2.130696631293109,5.2
1985-11-01,1.5762959665257912,5.1
1985-12-01,1.6651633592442436,5.1
1986-01-01,1.7520042420163753,4.9
1986-02-01,1.6574965094212954,5.4
1986-03-01,1.5632502249826494,5.4
1986-04-01,1.742364114725422,5.3
1986-05-01,1.5546723738300496,5.5
1986-06-01,1.2762251613851894,5.4
1986-07-01,1.1802225056628515,5.5
1986-08-01,1.3556466083608505,5.1
1986-09-01,1.896219343981474,5.4
1986-10-01,2.801810024957137,5.4
1986-11-01,3.613762691856735,5.3
1986-12-01,3.6039936483197237,5.3
1987-01-01,3.679194693357669,5.2
1987-02-01,3.851797243567539,5.1
1987-03-01,4.198919628685016,5.1
1987-04-01,4.1839658342909045,4.9
1987-05-01,4.263523164443601,4.8
1987-06-01,4.429422023100435,4.9
1987-07-01,4.240918192509372,4.7
1987-08-01,4.046286361318104,4.6
1987-09-01,3.860128369681209,4.4
1987-10-01,3.7608279917159213,4.6
1987-11-01,3.915245609718157,4.4
1987-12-01,3.905051487187308,4.3
1988-01-01,3.888178754420739,4.4
1988-02-01,4.047043888295525,4.2
1988-03-01,4.029692231076425,4.2
1988-04-01,4.09963472362401,3.9
1988-05-01,4.172593367021838,4.2
1988-06-01,4.158426890663363,4.0
1988-07-01,4.317217186520845,4.0
1988-08-01,4.385188252884919,4.3
1988-09-01,4.542412511425551,4.1
1988-10-01,4.7767773731739664,4.1
1988-11-01,4.911515604749548,4.2
1988-12-01,5.142094581422864,4.1
1989-01-01,5.0403067744896815,4.0
1989-02-01,4.939275532957651,3.8
1989-03-01,4.518222279323305,3.6
1989-04-01,4.339608456376215,3.9
1989-05-01,4.48505661653519,3.7
1989-06-01,4.549931806966843,3.8
1989-07-01,4.535190125295969,3.8
1989-08-01,5.06742909632668,3.8
1989-09-01,5.129329438755064,4.2
1989-10-01,5.104776506602398,3.9
1989-11-01,4.603987675473402,4.0
1989-12-01,4.2728018454154455,4.0
1990-01-01,4.567723146599243,4.0
1990-02-01,4.706751085798582,3.9
1990-03-01,5.546130298645444,4.0
1990-04-01,5.987018949094943,4.2
1990-05-01,6.184350528270298,4.1
1990-06-01,6.011054305759596,4.1
1990-07-01,6.067119518113589,4.2
1990-08-01,5.493371881783742,4.4
1990-09-01,5.17619345585896,4.4
1990-10-01,4.70853866746878,4.7
1990-11-01,4.697833502101142,4.9
1990-12-01,4.912207765369852,5.1
1991-01-01,4.588996205949834,5.2
1991-02-01,4.275116695266414,5.5
1991-03-01,3.728992824547324,5.8
1991-04-01,3.339828040184847,5.7
1991-05-01,2.808758181026177,5.7
1991-06-01,3.020487447166125,5.9
1991-07-01,2.9370686795988585,6.0
1991-08-01,2.6375155254394858,5.9
1991-09-01,2.779988827759665,6.1
1991-10-01,3.1400900451191034,6.0
1991-11-01,3.1332253360271025,6.1
1991-12-01,2.978789075662137,6.1
1992-01-01,2.9701567606909562,6.3
1992-02-01,3.1083095058388666,6.3
1992-03-01,3.028349658725254,6.2
1992-04-01,2.9487933030643387,6.3
1992-05-01,3.227243140484994,6.5
1992-06-01,3.0727676523496648,6.6
1992-07-01,2.9235593762237215,6.4
1992-08-01,3.2019811234771303,6.4
1992-09-01,3.1951599806602,6.4
1992-10-01,2.974723590472866,6.4
1992-11-01,3.107594696052239,6.3
1992-12-01,3.17039585879321,6.1
1993-01-01,2.953801243686364,5.9
1993-02-01,2.807201877868603,5.9
1993-03-01,2.8013036227673624,5.9
1993-04-01,2.726488356180576,5.8
1993-05-01,2.7150989065950455,5.8
1993-06-01,2.707558660528109,5.8
1993-07-01,2.772180293027152,5.8
1993-08-01,2.421425812059418,5.7
1993-09-01,2.484599858653053,5.6
1993-10-01,2.617229277326537,5.7
1993-11-01,2.3368761007829093,5.1
1993-12-01,2.2626950929025704,5.4
1994-01-01,2.464190393692855,5.2
1994-02-01,2.6631823180793077,5.2
1994-03-01,2.8592825993842985,5.1
1994-04-01,2.9223962124570355,5.0
1994-05-01,2.576413693613146,4.7
1994-06-01,2.5694449374782833,4.7
1994-07-01,2.564243061333754,4.8
1994-08-01,2.830377616285162,4.7
1994-09-01,2.8227680624867015,4.4
1994-10-01,2.749083613804046,4.5
1994-11-01,3.077165866675369,4.3
1994-12-01,3.0710023485372546,4.2
1995-01-01,2.9972273535791722,4.3
1995-02-01,2.7908788117076386,4.1
1995-03-01,2.5837806989557324,4.2
1995-04-01,2.5133598118493112,4.4
1995-05-01,2.707329432853473,4.5
1995-06-01,2.570157946143073,4.3
1995-07-01,2.5001302205417315,4.2
1995-08-01,2.7524673390090126,4.3
1995-09-01,2.680775114544358,4.2
1995-10-01,2.804226787385641,4.1
1995-11-01,2.793296255985675,4.4
1995-12-01,2.787862884596357,4.2
1996-01-01,2.7824506109429112,4.2
1996-02-01,2.8425686497951443,4.2
1996-03-01,2.773476706008953,4.2
1996-04-01,2.9603191305354706,4.2
1996-05-01,3.0159488306301565,4.3
1996-06-01,3.2012976987813215,4.1
1996-07-01,3.322989449890756,4.0
1996-08-01,2.9929008777094204,3.8
1996-09-01,2.9871938301719934,3.9
1996-10-01,2.72773017128854,3.8
1996-11-01,2.4051792318522094,4.0
1996-12-01,2.2131791728697667,3.8
1997-01-01,2.208988527228352,4.0
1997-02-01,2.1424890084105814,3.8
1997-03-01,2.2642476749759526,3.7
1997-04-01,2.195133610353467,3.7
1997-05-01,2.0645087329157374,3.3
1997-06-01,1.8727139050697383,3.5
1997-07-01,1.682806928064977,3.5
1997-08-01,1.617956887626881,3.6
1997-09-01,1.4299280011416904,3.5
1997-10-01,1.3673301900209285,3.5
1997-11-01,1.4281521841403457,3.4
1997-12-01,1.674457727380127,3.5
1998-01-01,1.6099418934181056,3.3
1998-02-01,1.7305747097592343,3.2
1998-03-01,1.6039825681036382,3.3
1998-04-01,1.4167160264780128,3.0
1998-05-01,1.475134308707256,3.1
1998-06-01,1.4733231512983893,3.2
1998-07-01,1.5941477997688123,3.3
1998-08-01,1.6529301951210489,3.3
1998-09-01,1.6529301951210489,3.3
1998-10-01,1.7136282242987226,3.2
1998-11-01,2.255505551508628,3.1
1998-12-01,2.069459124283276,3.2
1999-01-01,1.946533478810285,3.1
1999-02-01,2.121934722674133,3.3
1999-03-01,2.239125317544514,2.8
1999-04-01,2.5959803695797454,3.0
1999-05-01,2.5302554664785673,3.1
1999-06-01,2.5866103712181006,3.2
1999-07-01,2.6412099539776897,3.1
1999-08-01,2.7546651955494936,3.3
1999-09-01,3.167279986666692,2.9
1999-10-01,3.6930939027288248,2.9
1999-11-01,2.9693392925146287,2.8
1999-12-01,3.084467535109841,2.8
2000-01-01,3.6668803637087124,2.8
2000-02-01,3.5360195395884655,2.9
2000-03-01,3.296354955128498,2.8
2000-04-01,3.398100819314408,2.7
2000-05-01,3.392138094566775,2.8
2000-06-01,3.3861962610176266,2.8
2000-07-01,3.378306124364523,2.8
2000-08-01,3.653639206192667,2.8
2000-09-01,3.4685557987890294,2.9
2000-10-01,2.938845899950083,2.9
2000-11-01,3.1675553451145984,2.9
2000-12-01,3.501074937252078,3.0
2001-01-01,3.1440143166975325,3.2
2001-02-01,2.6851084722846372,3.3
2001-03-01,2.6851084722846372,3.3
2001-04-01,2.5591388069366188,3.4
2001-05-01,2.1053409197832207,3.3
2001-06-01,1.8766544497067945,3.5
2001-07-01,1.5909426469977233,3.5
2001-08-01,1.188805395958925,3.8
2001-09-01,1.1299555253933216,3.8
2001-10-01,1.3536585717533294,4.4
2001-11-01,1.630623703839612,4.6
2001-12-01,1.2331994848171257,4.6
2002-01-01,1.0635420707493568,4.7
2002-02-01,1.454978101473106,4.6
2002-03-01,1.7323707897456284,4.6
2002-04-01,1.5046257662460087,4.8
2002-05-01,2.0067563050809016,4.7
2002-06-01,2.2285044789434703,4.7
2002-07-01,2.4500111867899217,4.7
2002-08-01,2.72012330002623,4.7
2002-09-01,3.097592789430468,4.8
2002-10-01,2.9803530390581314,4.8
2002-11-01,2.1518071628942272,4.9
2002-12-01,1.8764347468486064,4.9
2003-01-01,1.9300295812365544,5.0
2003-02-01,2.0347141330869385,4.8
2003-03-01,2.1918685707646017,4.7
2003-04-01,2.3504771621375355,5.1
2003-05-01,2.0213744784200087,5.1
2003-06-01,1.9100171373419297,5.3
2003-07-01,2.014770030411112,5.3
2003-08-01,2.0060309446674554,5.2
2003-09-01,1.6743572361286556,5.0
2003-10-01,1.7251101669768294,4.9
2003-11-01,2.2666917564291773,5.0
2003-12-01,2.8565671754458903,4.7
2004-01-01,3.1185322826998507,4.6
2004-02-01,2.897198344333145,4.5
2004-03-01,2.515519313719575,4.7
2004-04-01,2.507466659637561,4.6
2004-05-01,3.141062062110681,4.7
2004-06-01,3.557582497327362,4.6
2004-07-01,3.287676800410864,4.2
2004-08-01,2.805158792921709,4.3
2004-09-01,3.007348768392905,4.3
2004-10-01,3.1564956154424544,4.2
2004-11-01,3.306520060862804,4.2
2004-12-01,2.8288947691197213,4.1
2005-01-01,2.5092795905486005,4.0
2005-02-01,3.0210630849103146,4.1
2005-03-01,3.582007658452247,4.0
2005-04-01,4.632840804664583,3.8
2005-05-01,4.258145205596415,3.8
2005-06-01,3.284030365290634,3.7
2005-07-01,3.284030365290634,3.7
2005-08-01,3.940136168198887,3.7
2005-09-01,3.573631929613191,4.0
2005-10-01,3.3608050987300833,3.8
2005-11-01,3.5500685389342412,3.7
2005-12-01,3.900215780326945,3.7
2006-01-01,4.096653750655887,3.6
2006-02-01,4.022664031825426,3.7
2006-03-01,3.851438758632415,3.5
2006-04-01,1.9920977494554684,3.6
2006-05-01,1.3965314248641392,3.6
2006-06-01,1.949574369669965,3.6
2006-07-01,2.49265148818339,3.6
2006-08-01,2.0545147423822754,3.6
2006-09-01,2.391436624837357,3.2
2006-10-01,2.7597630847541694,3.4
2006-11-01,2.5598784949016804,3.5
2006-12-01,2.6738184762487687,3.5
2007-01-01,2.657148166818352,3.8
2007-02-01,2.2914355222603784,3.8
2007-03-01,1.8796714465867475,3.4
2007-04-01,2.7944163782901765,3.6
2007-05-01,3.5470404582237407,3.5
2007-06-01,4.280339658269765,3.6
2007-07-01,4.026644880051253,3.8
2007-08-01,4.205031811145294,3.8
2007-09-01,4.059437761536743,3.8
2007-10-01,3.8979372014913145,3.8
2007-11-01,3.829490949842284,3.7
2007-12-01,4.007048490962231,3.9
2008-01-01,4.818013152732949,4.0
2008-02-01,5.351718445415313,4.0
2008-03-01,5.171936664573958,4.2
2008-04-01,4.8345492699974715,4.2
2008-05-01,3.663138189931704,4.4
2008-06-01,1.0939123723626045,4.5
2008-07-01,-0.022230473340495955,4.8
2008-08-01,-0.11365057683111446,5.0
2008-09-01,0.008462782567955815,5.3
2008-10-01,-0.4474784608338576,5.7
2008-11-01,-0.5779915821649063,6.0
2008-12-01,-1.0209555557125893,6.6
2009-01-01,-1.2367914498850148,7.1
2009-02-01,-1.9781989747510798,7.7
2009-03-01,-1.494954534833629,8.3
2009-04-01,-1.3875246181173921,8.6
2009-05-01,-0.22421947830299496,9.0
2009-06-01,1.8964895854718593,9.1
2009-07-01,2.7752542063598593,9.0
2009-08-01,2.5873489607177818,9.2
2009-09-01,2.128521749898774,9.4
2009-10-01,2.2604301286157606,9.6
2009-11-01,2.182773961183593,9.6
2009-12-01,1.983742011461369,9.3
2010-01-01,1.1153177381444082,9.3
2010-02-01,1.331869589795916,9.3
2010-03-01,1.1436132834317785,9.1
2010-04-01,1.1121053678140036,9.4
2010-05-01,1.1599417381349724,8.7
2010-06-01,1.0787057695652484,8.7
2010-07-01,1.4275547979704077,8.7
2010-08-01,1.686482098466315,8.8
2010-09-01,2.1026370112833663,8.7
2010-10-01,2.585526825259404,8.6
2010-11-01,3.0308370223773804,9.1
2010-12-01,3.400494117946895,8.5
2011-01-01,3.4423824057196946,8.0
2011-02-01,3.5172925914501474,8.0
2011-03-01,3.6862126476174084,7.9
2011-04-01,3.741737362139942,8.0
2011-05-01,3.4616554596579507,7.8
2011-06-01,3.393206261784132,7.9
2011-07-01,3.0161211420959737,7.8
2011-08-01,2.9722907692414715,7.6
2011-09-01,2.8779955356842346,7.6
2011-10-01,2.5880986080544064,7.7
2011-11-01,2.2908988350252515,7.2
2011-12-01,1.726948423720665,7.2
2012-01-01,1.6324660140395129,6.9
2012-02-01,1.3572376584789165,6.9
2012-03-01,1.6396902068277646,6.8
2012-04-01,1.9188322563632985,6.8
2012-05-01,2.1401106921113575,6.9
2012-06-01,1.7926216268152073,7.0
2012-07-01,1.7662592884900474,6.8
2012-08-01,1.6457354121989478,6.7
2012-09-01,2.0062140377099693,6.6
2012-10-01,1.4826586033311553,6.5
2012-11-01,1.1146356689622676,6.4
2012-12-01,1.3777390719344098,6.3
2013-01-01,1.6712513845603632,6.6
2013-02-01,1.8533824534256815,6.2
2013-03-01,1.4705734542152762,6.1
2013-04-01,1.1428597431618435,6.4
2013-05-01,0.921257595249542,6.3
2013-06-01,1.2597698656415595,6.2
2013-07-01,1.5339731277669386,6.3
2013-08-01,1.6250354922404286,6.3
2013-09-01,1.1164669367935367,6.1
2013-10-01,1.5309668751197136,6.2
2013-11-01,1.981057675588244,5.9
2013-12-01,2.094388883715516,5.6
2014-01-01,1.9852667364107468,5.3
2014-02-01,1.9191751746084675,5.4
2014-03-01,1.664111597431618,5.2
2014-04-01,1.6419698537929408,5.0
2014-05-01,1.634143905102438,5.0
2014-06-01,1.2942652209232952,4.9
2014-07-01,0.6861738191937065,4.8
2014-08-01,-0.20493640115464565,4.9
2014-09-01,-0.08746678093958878,4.5
2014-10-01,-0.016110023012819757,4.3
2014-11-01,-0.12608634776109784,4.6
2014-12-01,0.030822561514416497,4.4
2015-01-01,0.17157109758652686,4.5
2015-02-01,0.20000301408151977,4.4
2015-03-01,0.2274326790148363,4.4
2015-04-01,-0.008842123883893438,4.4
2015-05-01,0.12531540748451547,4.2
2015-06-01,0.437797584214223,4.2
2015-07-01,0.6646951270236586,4.2
2015-08-01,1.3330402169857059,4.1
2015-09-01,0.9688908696225264,4.1
2015-10-01,0.870031386228197,4.1
2015-11-01,1.1336992355622875,4.1
2015-12-01,1.0640765882223937,4.2
2016-01-01,1.0491350026476527,3.9
2016-02-01,0.8769598167584286,3.9
